<?xml version="1.0" encoding="UTF-8"?>
<beans xmlns="http://www.springframework.org/schema/beans"
	xmlns:xsi="http://www.w3.org/2001/XMLSchema-instance"
	xmlns:context="http://www.springframework.org/schema/context"
	xmlns:aop="http://www.springframework.org/schema/aop"
	xmlns:tx="http://www.springframework.org/schema/tx"
	xsi:schemaLocation="http://www.springframework.org/schema/beans 
	http://www.springframework.org/schema/beans/spring-beans.xsd
	http://www.springframework.org/schema/context
	http://www.springframework.org/schema/context/spring-context.xsd
	http://www.springframework.org/schema/aop
	http://www.springframework.org/schema/aop/spring-aop.xsd
	http://www.springframework.org/schema/tx 
	http://www.springframework.org/schema/tx/spring-tx.xsd">
	
	<!-- 配置连接池: -->
	<!-- 引入外部属性文件 -->
	  <context:property-placeholder location="classpath:jdbc.properties"/> 
	<!-- 配置C3P0连接池: -->
	
	<bean id="dataSource" class="com.mchange.v2.c3p0.ComboPooledDataSource">
		<property name="driverClass" value="${jdbc.driver}"/>
		<property name="jdbcUrl" value="${jdbc.url}"/>
		<property name="user" value="${jdbc.user}"/>
		<property name="password" value="${jdbc.password}"/>
	</bean>

	<!-- Hibernate的相关信息 -->

	 <bean id="sessionFactory" class="org.springframework.orm.hibernate3.LocalSessionFactoryBean"> 
		<!-- 注入连接池 -->
	 	<property name="dataSource" ref="dataSource"/>
		<!-- 配置Hibernate的其他的属性 -->
		<property name="hibernateProperties">
			<props>
				<prop key="hibernate.dialect">org.hibernate.dialect.MySQLDialect</prop>
				<prop key="hibernate.opow_sql">true</prop>
				<prop key="hibernate.format_sql">true</prop>
				<prop key="hibernate.connection.autocommit">false</prop>
				<prop key="hibernate.hbm2ddl.auto">update</prop>
			</props>
		</property> 
		<!-- 配置Hibernate的映射文件 -->
		 <property name="mappingResources">
			<list>
				 <value>zc/travel/user/vo/User.hbm.xml</value>
				 <value>zc/travel/admin/vo/Admin.hbm.xml</value>
				 <value>zc/travel/place/vo/Place.hbm.xml</value>
				 <value>zc/travel/sight/vo/Sight.hbm.xml</value>
				 <value>zc/travel/hotel/vo/Hotel.hbm.xml</value>
				  <value>zc/travel/order/vo/Order.hbm.xml</value>
			</list>
		</property>
	</bean> 
	<!-- 事务管理: -->
	<!-- 事务管理器 -->
	 <bean id="transactionManager" class="org.springframework.orm.hibernate3.HibernateTransactionManager">
		<property name="sessionFactory" ref="sessionFactory"/>
	</bean>
	
	<!-- 开启注解事务 -->
	 <tx:annotation-driven transaction-manager="transactionManager"/> 
	
	<!-- Action的配置 ===========================-->
	
	<!-- 首页访问的Action -->
	<bean id="indexAction" class="zc.travel.index.action.IndexAction" scope="prototype">
		
	</bean>
<!-- 首页用户的Action -->
	<!-- 向userAction注入userService对象 -->
	<bean id="userAction" class="zc.travel.user.action.UserAction" scope="prototype">
		<property name="userService" ref="userService"/>
	</bean>
	<!-- 向userService注入userDao对象 -->
	<bean id="userService" class="zc.travel.user.service.UserService" scope="prototype">
		<property name="userDao" ref="userDao"/>
	</bean>
	<!-- 向userDao注入sessionFactory对象-->
	<bean id="userDao" class="zc.travel.user.dao.UserDao" scope="prototype">
		<property name="sessionFactory" ref="sessionFactory"/>
	</bean>
	
<!-- 配置验证码Action -->
	<bean id="checkImgAction" class="zc.travel.checkImg.action.CheckImgAction" scope="prototype">
	</bean>
	
<!-- 后台管理员的Action -->
	<bean id="adminAction" class="zc.travel.admin.action.AdminAction" scope="prototype">
		<property name="adminService" ref="adminService"/>
	</bean>
	
	<bean id="adminService" class="zc.travel.admin.service.AdminService" scope="prototype">
		<property name="adminDao" ref="adminDao"/>
	</bean>
	<bean id="sight" class="zc.travel.sight.vo.Sight" scope="prototype">
	</bean>
	<bean id="adminDao" class="zc.travel.admin.dao.AdminDao" scope="prototype">
		<property name="sessionFactory" ref="sessionFactory"/>
		<property name="sight" ref="sight"/>
	</bean>
<!-- Place的action -->
	<bean id="placeAction" class="zc.travel.place.action.PlaceAction" scope="prototype">
		<property name="sightService" ref="sightService"/>
		<property name="placeService" ref="placeService"/>
	</bean>
	<bean id="placeService" class="zc.travel.place.service.PlaceService" scope="prototype">
		<property name="placeDao" ref="placeDao"/>
	</bean>
	<bean id="place" class="zc.travel.place.vo.Place" scope="prototype">
	</bean>
	<bean id="placeDao" class="zc.travel.place.dao.PlaceDao" scope="prototype">
		<property name="sessionFactory" ref="sessionFactory"/>
		<property name="place" ref="place"/>
	</bean>
<!-- 景点的action -->
	<bean id="sightAction" class="zc.travel.sight.action.SightAction" scope="prototype">
		<property name="sightService" ref="sightService"/>
	</bean>
	
	<bean id="sightService" class="zc.travel.sight.service.SightService" scope="prototype">
		<property name="sightDao" ref="sightDao"/>
	</bean>
	
	<bean id="sightDao" class="zc.travel.sight.dao.SightDao" scope="prototype">
		<property name="sessionFactory" ref="sessionFactory"/>
	</bean>
<!-- hotel的action -->
	<bean id="hotelAction" class="zc.travel.hotel.action.HotelAction" scope="prototype">
		<property name="hotelService" ref="hotelService"/>
		<property name="orderService" ref="orderService"/>
	</bean>
	
	<bean id="hotelService" class="zc.travel.hotel.service.HotelService" scope="prototype">
		<property name="hotelDao" ref="hotelDao"/>
	</bean>
	
	<bean id="hotelDao" class="zc.travel.hotel.dao.HotelDao" scope="prototype">
		<property name="sessionFactory" ref="sessionFactory"/>
	</bean>
<!-- order的action -->
	<bean id="orderAction" class="zc.travel.order.service.OrderAction" scope="prototype">
		<property name="orderService" ref="orderService"/>
		<property name="hotel" ref="hotel"/>
	</bean>
	<bean id="hotel" class="zc.travel.hotel.vo.Hotel" scope="prototype">
		
	</bean>
	
	<bean id="orderService" class="zc.travel.order.service.OrderService" scope="prototype">
		<property name="orderDao" ref="orderDao"/>
	</bean>
	
	<bean id="orderDao" class="zc.travel.order.dao.OrderDao" scope="prototype">
		<property name="sessionFactory" ref="sessionFactory"/>
	</bean>
</beans>
