<?xml version="1.0" encoding="UTF-8" ?>
<!DOCTYPE struts PUBLIC
	"-//Apache Software Foundation//DTD Struts Configuration 2.3//EN"
	"http://struts.apache.org/dtds/struts-2.3.dtd">
	
<struts>
<constant name="struts.enable.DynamicMethodInvocation" value="true" />
 <!--    <constant name="struts.devMode" value="false" /> -->
<!-- 全局结果页面 -->
	<package name="travel" extends="struts-default" namespace="">
	
<!-- 配置首页访问的Action -->
		<action name="index" class="indexAction">
			<result name="index">/WEB-INF/jsp/index.jsp</result>
		</action>
		
<!-- 配置用户模块的Action -->
		<!-- 注册 -->
		<action name="registPage" class="zc.travel.user.action.UserAction" method="registPage">
			<result name="registPage">/WEB-INF/jsp/regist.jsp</result>
		</action>
		
		<action name="regist" class="zc.travel.user.action.UserAction" method="regist">
			<result name="success">/WEB-INF/jsp/index.jsp</result>
			<result name="false">/WEB-INF/jsp/regist.jsp</result>
		</action>
		<!-- 登录 -->
		<action name="loginPage" class="zc.travel.user.action.UserAction" method="loginPage">
			<result name="loginPage">/WEB-INF/jsp/login.jsp</result>
		</action>
		<action name="login" class="zc.travel.user.action.UserAction" method="login">
			<result name="success" type="redirectAction">index</result>
			<result name="false">/WEB-INF/jsp/login.jsp</result>
		</action>
		<!-- 退出 -->
		<action name="quit" class="zc.travel.user.action.UserAction" method="quit">
			<result name="quit" type="redirectAction">index</result>
		</action>
		<!-- 注销 -->
		<action name="user_delete" class="zc.travel.user.action.UserAction" method="user_delete">
			<result name="user_delete" type="redirectAction">index</result>
		</action>
<!-- 个人中心 -->
		<action name="personPage" class="zc.travel.user.action.UserAction" method="personPage">
			<result name="personPage">/WEB-INF/jsp/person.jsp</result>
		</action>
		<action name="registMemberPage" class="zc.travel.user.action.UserAction" method="registMemberPage">
			<result name="registMemberPage">/WEB-INF/jsp/member.jsp</result>
		</action>
		<!-- 注册会员 -->
		<action name="registMember" class="zc.travel.user.action.UserAction" method="registMember">
			<result name="success">/WEB-INF/jsp/person.jsp</result>
			<result name="false">/WEB-INF/jsp/member.jsp</result>
		</action>
		<!-- 会员登录 -->
		<action name="memberlogin" class="zc.travel.user.action.UserAction" method="memberlogin">
			<result name="success" type="redirectAction">personPage</result>
			<result name="false">/WEB-INF/jsp/person.jsp</result>
		</action>
		<action name="user_updatePage" class="zc.travel.user.action.UserAction" method="user_updatePage">
			<result name="user_updatePage">/WEB-INF/jsp/update.jsp</result>
		</action>
		<action name="user_update" class="zc.travel.user.action.UserAction" method="user_update">
			<result name="success">/WEB-INF/jsp/person.jsp</result>
			<result name="false" type="redirectAction">user_updatePage</result>
		</action>
		
<!-- 验证码Action -->
		<action name="checkImg" class="checkImgAction"></action>
		
<!-- 后台管理Action -->
		<action name="admin" class="zc.travel.admin.action.AdminAction" method="toAdmin">
			<result name="toadmin">/WEB-INF/jsp/admin/index.jsp</result>
		</action>
		<action name="admin_regist" class="zc.travel.admin.action.AdminAction" method="registPage">
			<result name="registPage">/WEB-INF/jsp/admin/regist.jsp</result>
		</action>
		<!-- 管理员注册 -->
		<action name="Adminregist" class="zc.travel.admin.action.AdminAction" method="regist">
			<result name="success">/WEB-INF/jsp/admin/login.jsp</result>
			<result name="false">/WEB-INF/jsp/admin/regist.jsp</result>
		</action>
		
		<action name="admin_login" class="zc.travel.admin.action.AdminAction" method="loginPage">
			<result name="loginPage">/WEB-INF/jsp/admin/login.jsp</result>
		</action>
		<!-- 管理员登录 -->
		<action name="Adminlogin" class="zc.travel.admin.action.AdminAction" method="login">
			<result name="success" type="redirectAction">admin</result>
			<result name="false">/WEB-INF/jsp/admin/login.jsp</result>
		</action>
		<!-- 管理员退出 -->
		<action name="admin_quit" class="zc.travel.admin.action.AdminAction" method="quit">
			<result name="quit" type="redirectAction">admin</result>
		</action>
		<!-- 管理员注销 -->
		<action name="admin_delete" class="zc.travel.admin.action.AdminAction" method="admin_delete">
			<result name="admin_delete" type="redirectAction">admin</result>
		</action>
		
		<action name="admin_update" class="zc.travel.admin.action.AdminAction" method="admin_updatePage">
			<result name="admin_updatePage">/WEB-INF/jsp/admin/update.jsp</result>
		</action>
		<!-- 管理员修改信息-->
		<action name="AdminUpdate" class="zc.travel.admin.action.AdminAction" method="admin_update">
			<result name="success" type="redirectAction">admin</result>
		</action>
<!-- 管理员操作 -->
	<!-- 注销用户 -->
		<action name="adminDeleteUser" class="zc.travel.admin.action.AdminAction" method="adminDeleteUser">
			<result name="success" type="redirectAction">admin</result>
		</action>
	<!-- 修改Sight表信息 -->
		<action name="adminDeleteSight" class="zc.travel.admin.action.AdminAction" method="adminDeleteSight">
			<result name="success">/WEB-INF/jsp/admin/showSight.jsp</result>
		</action>
		<action name="tolast_placePage" class="zc.travel.admin.action.AdminAction" method="tolast_placePage">
			<result name="tolast_placePage" >/WEB-INF/jsp/admin/showSight.jsp</result>
		</action>
		<action name="adminUpdateSight" class="zc.travel.admin.action.AdminAction" method="adminUpdateSight">
			<result name="toupdateSightPage" >/WEB-INF/jsp/admin/updateSightPage.jsp</result>
		</action>
		<!-- 确认修改 -->
		<action name="adminRightSight" class="zc.travel.admin.action.AdminAction" method="adminRightSight">
			<result name="success" >/WEB-INF/jsp/admin/showSight.jsp</result>
		</action>
		<!-- 添加数据信息 -->
		<action name="addSightPage" class="zc.travel.admin.action.AdminAction" method="addSightPage">
			<result name="addSightPage" >/WEB-INF/jsp/admin/addSightPage.jsp</result>
		</action>
		<action name="adminAddSight" class="zc.travel.admin.action.AdminAction" method="adminAddSight">
			<result name="success" >/WEB-INF/jsp/admin/showSight.jsp</result>
		</action>
<!-- 用户实现地点搜索 -->
		<action name="toPlace" class="zc.travel.place.action.PlaceAction" method="toPlace">
			<result name="canada" >/WEB-INF/jsp/place/canada.jsp</result>
			<result name="false" type="redirectAction">index</result>
		</action>
<!-- hotel的action -->
		<action name="toHotelPage" class="zc.travel.hotel.action.HotelAction" method="toHotelPage">
			<result name="toHotelPage" >/WEB-INF/jsp/hotel/myhotel.jsp</result>
		</action>
		
		<action name="toHotel_orderPage" class="zc.travel.hotel.action.HotelAction" method="toHotel_orderPage">
			<result name="toHotel_orderPage" >/WEB-INF/jsp/hotel/hotel_order.jsp</result>
		</action>
		<action name="hotel_order" class="zc.travel.hotel.action.HotelAction" method="hotel_order">
			<result name="choosehotel" >/WEB-INF/jsp/hotel/choosehotel.jsp</result>
		</action>
		<action name="finshhotelOrder" class="zc.travel.order.action.OrderAction" method="finshhotelOrder">
			<result name="success" type="redirectAction">toHotel_orderPage</result>
			<result name="false">/WEB-INF/jsp/login.jsp</result>
		</action>
	</package>
</struts>
