<?xml version="1.0" encoding="UTF-8"?>
<!DOCTYPE hibernate-mapping PUBLIC 
    "-//Hibernate/Hibernate Mapping DTD 3.0//EN"
    "http://www.hibernate.org/dtd/hibernate-mapping-3.0.dtd">
    
<hibernate-mapping>
	<class name="zc.travel.user.vo.User" table="t_user">
		<id name="uid">
			<generator class="uuid"/>
		</id>
		<property name="phone"/>
		<property name="email"/>
		<property name="password"/>
		<property name="repassword"/>
		<property name="state"/>
	</class>
</hibernate-mapping>