<?xml version="1.0" encoding="UTF-8"?>
<!DOCTYPE hibernate-mapping PUBLIC 
    "-//Hibernate/Hibernate Mapping DTD 3.0//EN"
    "http://www.hibernate.org/dtd/hibernate-mapping-3.0.dtd">
    
<hibernate-mapping>
	<class name="zc.travel.hotel.vo.Hotel" table="t_hotel">
		<id name="hid">
			<generator class="uuid"/>
		</id>
		<property name="gowhere"/>
		<property name="starttime"/>
		<property name="endtime"/>
		<property name="price"/>
		<property name="place"/>
	</class>
</hibernate-mapping>