<?xml version="1.0" encoding="UTF-8"?>
<!DOCTYPE hibernate-mapping PUBLIC 
    "-//Hibernate/Hibernate Mapping DTD 3.0//EN"
    "http://www.hibernate.org/dtd/hibernate-mapping-3.0.dtd">
    
<hibernate-mapping>
	<class name="zc.travel.order.vo.Order" table="t_order">
		<id name="oid">
			<generator class="uuid"/>
		</id>
		<property name="gowhere"/>
		<property name="img"/>
		<property name="ha"/>
		<property name="gpsa"/>
		<property name="hp"/>
		<property name="price"/>
	</class>
</hibernate-mapping>