<?xml version="1.0" encoding="UTF-8"?>
<!DOCTYPE hibernate-mapping PUBLIC 
    "-//Hibernate/Hibernate Mapping DTD 3.0//EN"
    "http://www.hibernate.org/dtd/hibernate-mapping-3.0.dtd">
    
<hibernate-mapping>
	<class name="zc.travel.sight.vo.Sight" table="t_sight">
		<id name="sid">
			<generator class="uuid"/>
		</id>
		<property name="sa"/>
		<property name="sp"/>
		<property name="sp1"/>
		<property name="sp2"/>
		<property name="img"/>
		<property name="sname"/>
	</class>
</hibernate-mapping>